algorithm,penalty_multiplier,split,evaluation_mode,threshold_selected_on,n_patients,accuracy,balanced_accuracy,precision,recall_sensitivity,specificity,f1,log_loss,brier_score,tn,fp,fn,tp,threshold,roc_auc,average_precision,calibration_intercept,calibration_slope,patient_violation_rate,total_rule_patient_violations,violations_per_patient,active_rule_count,active_rule_weight,soft_rule_violation,unweighted_soft_rule_violation,mean_patient_soft_rule_violation,patients_with_active_rules,rule_bce_per_patient,active_rule_violation_rate,violation_LR01_neg,violation_LR02_pos,violation_LR03_neg,violation_LR04_neg,violation_LR05_neg,soft_violation_LR01,soft_violation_LR02,soft_violation_LR03,soft_violation_LR04,soft_violation_LR05,ablation,training_rule_control,training_rules,algorithm_key,algorithm_display,delta_balanced_accuracy_vs_all,delta_recall_sensitivity_vs_all,delta_specificity_vs_all,delta_roc_auc_vs_all,delta_average_precision_vs_all,delta_patient_violation_rate_vs_all,delta_soft_rule_violation_vs_all
xgboost:all_rules,0.1,test,baseline_common_threshold,lambda_0_validation,2778,0.7584593232541397,0.7327761395923604,0.3357487922705314,0.6967418546365914,0.7688104245481294,0.4531377343113284,0.3291223672462998,0.0981857885924432,1829,550,121,278,0.176466839134463,0.8036995599549525,0.466834644514072,-0.1254640612444213,1.0205112273465973,0.0190784737221022,53,0.0190784737221022,639,864.5,0.5189360444122836,0.4992024787773004,0.5017041208671862,566,0.2655939479130623,0.082942097026604,5.0,23.0,5.0,6.0,14.0,0.740218767330026,0.1083107839349324,0.5489085206203551,0.6650865335439761,0.5748551062338101,all_rules,none,"LR01,LR02,LR03,LR04,LR05",xgboost,XGBoost,0.0,0.0,0.0,0.0,0.0,0.0,0.0
xgboost:single_LR01,0.5,test,baseline_common_threshold,lambda_0_validation,2778,0.7890568754499641,0.7235238158447822,0.3646888567293777,0.631578947368421,0.8154686843211434,0.4623853211009174,0.3290779509883934,0.0982881328427265,1940,439,147,252,0.176466839134463,0.8019323213456085,0.4609129857159938,0.062068697077071,1.0375440184860314,0.0003599712023038,1,0.0003599712023038,10,10.0,0.5890192384379087,0.5890192384379087,0.5890192384379087,10,0.0037556255989568,0.1,1.0,,,,,0.5890192384379087,,,,,single_LR01,none,LR01,xgboost,XGBoost,-0.009252323747578228,-0.06516290726817042,0.046658259773013966,-0.001767238609343913,-0.005921658798078155,-0.0187185025197984,0.07008319402562513
xgboost:single_LR02,1.0,test,baseline_common_threshold,lambda_0_validation,2778,0.7926565874730022,0.7245825787672207,0.3696612665684831,0.6290726817042607,0.8200924758301807,0.4656771799628942,0.3298660126706221,0.0979075593476766,1951,428,148,251,0.176466839134463,0.7968644815064142,0.4746194851670975,0.0714445120163637,1.025950406912966,0.0,0,0.0,108,108.0,0.0444922817416122,0.0444922817416122,0.0444922817416122,108,0.0017866597675866,0.0,,0.0,,,,,0.0444922817416122,,,,single_LR02,none,LR02,xgboost,XGBoost,-0.008193560825139778,-0.06766917293233077,0.05128205128205132,-0.0068350784485382565,0.007784840653025538,-0.0190784737221022,-0.4744437626706714
xgboost:single_LR03,0.1,test,baseline_common_threshold,lambda_0_validation,2778,0.7847372210223182,0.7272595106935055,0.3608391608391608,0.6466165413533834,0.8079024800336275,0.4631956912028725,0.3281640743148602,0.0978818660251566,1922,457,141,258,0.176466839134463,0.8030564009856503,0.46724386318407,0.1090653401703855,1.0938061701643382,0.0021598272138228,6,0.0021598272138228,51,51.0,0.6054074732539533,0.6054074732539533,0.6054074732539533,51,0.019644849782673,0.1176470588235294,,,6.0,,,,,0.6054074732539533,,,single_LR03,none,LR03,xgboost,XGBoost,-0.005516628898854958,-0.05012531328320802,0.0390920554854981,-0.0006431589693021156,0.000409218669998046,-0.0169186465082794,0.0864714288416697
xgboost:single_LR04,0.25,test,baseline_common_threshold,lambda_0_validation,2778,0.7894168466522679,0.7258199091676227,0.3659942363112392,0.6365914786967418,0.8150483396385035,0.464775846294602,0.3281011861249313,0.0978316919444729,1939,440,145,254,0.176466839134463,0.8026086654214349,0.4668128995463184,0.0904568462623987,1.0551915024103815,0.0010799136069114,3,0.0010799136069114,19,19.0,0.6079067852449989,0.6079067852449989,0.6079067852449987,19,0.0074648487180892,0.1578947368421052,,,,3.0,,,,,0.6079067852449987,,single_LR04,none,LR04,xgboost,XGBoost,-0.006956230424737697,-0.06015037593984962,0.046237915090374115,-0.0010908945335175169,-2.1744967753589695e-05,-0.017998560115190798,0.08897074083271528
xgboost:single_LR05,0.1,test,baseline_common_threshold,lambda_0_validation,2778,0.7624190064794817,0.7288302724023172,0.337888198757764,0.681704260651629,0.7759562841530054,0.4518272425249169,0.3280583048252867,0.0978598429715773,1846,533,127,272,0.176466839134463,0.8041035754581914,0.471720741781584,-0.134720585620807,0.98270296869216,0.0061195104391648,17,0.0061195104391648,451,676.5,0.5751938868620864,0.5751938868620865,0.5751938868620864,451,0.2310690652911642,0.0376940133037694,,,,,17.0,,,,,0.5751938868620864,single_LR05,none,LR05,xgboost,XGBoost,-0.003945867190043195,-0.015037593984962405,0.007145859604876015,0.00040401550323898583,0.004886097267512046,-0.0129589632829374,0.05625784244980281
xgboost:leave_out_LR01,0.1,test,baseline_common_threshold,lambda_0_validation,2778,0.7624190064794817,0.730916193383838,0.3386897404202719,0.6867167919799498,0.775115594787726,0.4536423841059602,0.3282562963873398,0.0979550561778549,1844,535,125,274,0.176466839134463,0.8048578781969635,0.4694630036113714,-0.1353478290054953,0.9934612647279248,0.019438444924406,55,0.0197984161267098,629,854.5,0.5166022694110105,0.4953390508443145,0.4975026758880219,561,0.2621731006218014,0.0874403815580286,,20.0,5.0,7.0,23.0,,0.1003978357501527,0.5507503999398077,0.6789617822030404,0.5759129766325263,leave_out_LR01,none,"LR02,LR03,LR04,LR05",xgboost,XGBoost,-0.0018599462085224783,-0.010025062656641603,0.006305170239596536,0.0011583182420110694,0.0026283590972994153,0.0003599712023037993,-0.002333775001273075
xgboost:leave_out_LR02,0.1,test,baseline_common_threshold,lambda_0_validation,2778,0.7606191504679626,0.7309082921679988,0.3370098039215686,0.6892230576441103,0.7725935266918873,0.4526748971193415,0.3284008618961219,0.0980831369121656,1838,541,124,275,0.176466839134463,0.8048468164947888,0.4687884973049656,-0.1425373650939115,0.9907457569841224,0.0122390208783297,34,0.0122390208783297,531,756.5,0.5767652657502897,0.5779528554489024,0.5846860966473494,487,0.2618968184044142,0.064030131826742,5.0,,5.0,6.0,18.0,0.729542700425049,,0.5504116064192415,0.6666648799095495,0.5739687684998979,leave_out_LR02,none,"LR01,LR03,LR04,LR05",xgboost,XGBoost,-0.001867847424361635,-0.007518796992481147,0.003783102143757877,0.0011472565398363832,0.0019538527908936065,-0.006839452843772499,0.057829221338006165
xgboost:leave_out_LR03,0.1,test,baseline_common_threshold,lambda_0_validation,2778,0.7606191504679626,0.7288223711864782,0.3362068965517241,0.6842105263157895,0.7734342160571669,0.4508670520231214,0.3283257951762023,0.0979605702205518,1840,539,126,273,0.176466839134463,0.8041088429354175,0.4681160790169201,-0.1361695822894324,0.9844050815598204,0.0183585313174946,51,0.0183585313174946,588,813.5,0.5182122094611327,0.4954466865265343,0.4979449296496109,559,0.2524224504943972,0.086734693877551,5.0,20.0,,6.0,20.0,0.7439798241435663,0.0984198632336685,,0.6719761457300941,0.5775741938759611,leave_out_LR03,none,"LR01,LR02,LR04,LR05",xgboost,XGBoost,-0.003953768405882241,-0.012531328320801949,0.004623791509037467,0.0004092829804650533,0.0012814345028481222,-0.0007199424046075986,-0.0007238349511509146
xgboost:leave_out_LR04,0.1,test,baseline_common_threshold,lambda_0_validation,2778,0.7588192944564435,0.7277715094798788,0.3341493268053855,0.6842105263157895,0.7713324926439681,0.4490131578947368,0.3295225598947885,0.0983008988570711,1835,544,126,273,0.176466839134463,0.8026055049350994,0.4683228307084678,-0.1234670397713212,1.0172656168165095,0.0161987041036717,45,0.0161987041036717,620,845.5,0.5164857619855536,0.4948941856637519,0.4967011019348779,548,0.2571709418547541,0.0725806451612903,5.0,22.0,5.0,,13.0,0.7340275967961071,0.1076135916870844,0.5522199597419856,,0.5758506281474918,leave_out_LR04,none,"LR01,LR02,LR03,LR05",xgboost,XGBoost,-0.005004630112481645,-0.012531328320801949,0.0025220680958386588,-0.0010940550198530463,0.0014881861943958352,-0.0028797696184304986,-0.002450282426729955
xgboost:leave_out_LR05,0.0,test,baseline_common_threshold,lambda_0_validation,2778,0.7915766738660908,0.7281239037063023,0.3695652173913043,0.6390977443609023,0.8171500630517023,0.4683195592286501,0.3278361330078786,0.0977664013101556,1944,435,144,255,0.176466839134463,0.8027730107108881,0.4682172562859919,0.0936264350944857,1.0510456494183482,0.0133189344852411,37,0.0133189344852411,188,188.0,0.3330544913528812,0.3330544913528812,0.3212552293471493,178,0.0440911660686039,0.1968085106382978,6.0,5.0,15.0,11.0,,0.7922094266636119,0.0758732921099129,0.6427528416533685,0.7219705071322714,,leave_out_LR05,none,"LR01,LR02,LR03,LR04",xgboost,XGBoost,-0.00465223588605812,-0.057644110275689164,0.048339638503572924,-0.000926549244064323,0.0013826117719199504,-0.0057595392368610995,-0.1858815530594024
xgboost:control_permuted,0.0,test,baseline_common_threshold,lambda_0_validation,2778,0.7915766738660908,0.7281239037063023,0.3695652173913043,0.6390977443609023,0.8171500630517023,0.4683195592286501,0.3278361330078786,0.0977664013101556,1944,435,144,255,0.176466839134463,0.8027730107108881,0.4682172562859919,0.0936264350944857,1.0510456494183482,0.0547156227501799,161,0.0579553635709143,639,864.5,0.5857163222858828,0.5609378015684053,0.5647211176343592,566,0.3510298703741485,0.2519561815336463,6.0,5.0,15.0,11.0,124.0,0.7922094266636119,0.0758732921099129,0.6427528416533685,0.7219705071322714,0.6559312878666724,control_permuted,permuted,"LR01,LR02,LR03,LR04,LR05",xgboost,XGBoost,-0.00465223588605812,-0.057644110275689164,0.048339638503572924,-0.000926549244064323,0.0013826117719199504,0.0356371490280777,0.06678027787359919
xgboost:control_column_permuted,0.0,test,baseline_common_threshold,lambda_0_validation,2778,0.7915766738660908,0.7281239037063023,0.3695652173913043,0.6390977443609023,0.8171500630517023,0.4683195592286501,0.3278361330078786,0.0977664013101556,1944,435,144,255,0.176466839134463,0.8027730107108881,0.4682172562859919,0.0936264350944857,1.0510456494183482,0.0547156227501799,161,0.0579553635709143,639,864.5,0.5857163222858828,0.5609378015684053,0.5647211176343592,566,0.3510298703741485,0.2519561815336463,6.0,5.0,15.0,11.0,124.0,0.7922094266636119,0.0758732921099129,0.6427528416533685,0.7219705071322714,0.6559312878666724,control_column_permuted,column_permuted,"LR01,LR02,LR03,LR04,LR05",xgboost,XGBoost,-0.00465223588605812,-0.057644110275689164,0.048339638503572924,-0.000926549244064323,0.0013826117719199504,0.0356371490280777,0.06678027787359919
xgboost:control_reversed,0.0,test,baseline_common_threshold,lambda_0_validation,2778,0.7915766738660908,0.7281239037063023,0.3695652173913043,0.6390977443609023,0.8171500630517023,0.4683195592286501,0.3278361330078786,0.0977664013101556,1944,435,144,255,0.176466839134463,0.8027730107108881,0.4682172562859919,0.0936264350944857,1.0510456494183482,0.0547156227501799,161,0.0579553635709143,639,864.5,0.5857163222858828,0.5609378015684053,0.5647211176343592,566,0.3510298703741485,0.2519561815336463,6.0,5.0,15.0,11.0,124.0,0.7922094266636119,0.0758732921099129,0.6427528416533685,0.7219705071322714,0.6559312878666724,control_reversed,reversed,"LR01,LR02,LR03,LR04,LR05",xgboost,XGBoost,-0.00465223588605812,-0.057644110275689164,0.048339638503572924,-0.000926549244064323,0.0013826117719199504,0.0356371490280777,0.06678027787359919
lightgbm:all_rules,0.1,test,baseline_common_threshold,lambda_0_validation,2778,0.7419006479481641,0.7210222909101252,0.3172413793103448,0.6917293233082706,0.7503152585119798,0.4349881796690307,0.3292399450303464,0.0980506446943396,1785,594,123,276,0.1620460991482594,0.8017769307674398,0.4696461188604691,-0.1550681316042645,0.9796971681275825,0.0176385889128869,49,0.0176385889128869,639,864.5,0.5172276318233672,0.4970385112665947,0.5001659426740935,566,0.2670209372884653,0.0766823161189358,5.0,21.0,5.0,6.0,12.0,0.701541553379624,0.1024667626699693,0.5455467553249469,0.6648179079860408,0.5744376009398982,all_rules,none,"LR01,LR02,LR03,LR04,LR05",lightgbm,LightGBM,0.0,0.0,0.0,0.0,0.0,0.0,0.0
lightgbm:single_LR01,0.5,test,baseline_common_threshold,lambda_0_validation,2778,0.775377969762419,0.7217950298191886,0.3481781376518219,0.6466165413533834,0.7969735182849937,0.4526315789473684,0.329665493330854,0.0982371315584318,1896,483,141,258,0.1620460991482594,0.7995882939800111,0.4670815526255684,0.0808320314805529,1.0530584082362782,0.0,0,0.0,10,10.0,0.5983767357453408,0.5983767357453408,0.5983767357453406,10,0.0035889149517546,0.0,0.0,,,,,0.5983767357453406,,,,,single_LR01,none,LR01,lightgbm,LightGBM,0.0007727389090634862,-0.045112781954887216,0.046658259773013966,-0.002188636787428755,-0.0025645662349007003,-0.0176385889128869,0.08114910392197361
lightgbm:single_LR02,0.75,test,baseline_common_threshold,lambda_0_validation,2778,0.7778977681785457,0.7222232757176674,0.3510928961748634,0.6441102756892231,0.8003362757461118,0.4544650751547303,0.3294735724201424,0.0978179100790139,1904,475,142,257,0.1620460991482594,0.7974539122080107,0.4732857320273896,0.099137990804141,1.0475557864503444,0.0007199424046076,2,0.0007199424046076,108,108.0,0.0520412840059694,0.0520412840059694,0.0520412840059694,108,0.0021016454335774,0.0185185185185185,,2.0,,,,,0.0520412840059694,,,,single_LR02,none,LR02,lightgbm,LightGBM,0.0012009848075422713,-0.04761904761904756,0.05002101723413199,-0.0043230185594291815,0.003639613166920519,-0.016918646508279303,-0.46518634781739776
lightgbm:single_LR03,0.0,test,baseline_common_threshold,lambda_0_validation,2778,0.775377969762419,0.7186661483469077,0.3469387755102041,0.6390977443609023,0.798234552332913,0.4497354497354497,0.329078278187055,0.097942081247911,1899,480,144,255,0.1620460991482594,0.7996451827340524,0.4719453791349321,0.0917592755432159,1.0539845533676393,0.0043196544276457,12,0.0043196544276457,51,51.0,0.6427075558106076,0.6427075558106076,0.6427075558106076,51,0.0224358966711892,0.2352941176470588,,,12.0,,,,,0.6427075558106076,,,single_LR03,none,LR03,lightgbm,LightGBM,-0.002356142563217478,-0.05263157894736836,0.047919293820933184,-0.0021317480333874483,0.002299260274463033,-0.013318934485241202,0.1254799239872404
lightgbm:single_LR04,0.25,test,baseline_common_threshold,lambda_0_validation,2778,0.7778977681785457,0.7243091966991881,0.3519021739130434,0.6491228070175439,0.7994955863808323,0.4563876651982378,0.3280936934702707,0.0977811397486913,1902,477,140,259,0.1620460991482594,0.8020597942944794,0.4711703820149344,0.0731465166002405,1.042389798655739,0.0,0,0.0,19,19.0,0.5806798035717131,0.5806798035717131,0.5806798035717131,19,0.0067557267475296,0.0,,,,0.0,,,,,0.5806798035717131,,single_LR04,none,LR04,lightgbm,LightGBM,0.0032869057890629882,-0.04260651629072676,0.049180327868852514,0.0002828635270395452,0.0015242631544652996,-0.0176385889128869,0.06345217174834594
lightgbm:single_LR05,0.1,test,baseline_common_threshold,lambda_0_validation,2778,0.7455003599712023,0.7293817772678859,0.323394495412844,0.706766917293233,0.7519966372425388,0.4437450826121164,0.3273198770664806,0.0973148586724007,1789,590,117,282,0.1620460991482594,0.804264760261309,0.4823877964363933,-0.1459842561716728,0.9702539818011152,0.0035997120230381,10,0.0035997120230381,451,676.5,0.5760988572264677,0.5760988572264677,0.5760988572264677,451,0.2324171286039735,0.0221729490022172,,,,,10.0,,,,,0.5760988572264677,single_LR05,none,LR05,lightgbm,LightGBM,0.008359486357760737,0.015037593984962405,0.0016813787305590688,0.0024878294938691647,0.012741677575924204,-0.014038876889848801,0.058871225403100524
lightgbm:leave_out_LR01,0.1,test,baseline_common_threshold,lambda_0_validation,2778,0.7469402447804175,0.7270935851608846,0.3236658932714617,0.6992481203007519,0.7549390500210172,0.4425059476605868,0.3290103157921958,0.0980806569844185,1796,583,120,279,0.1620460991482594,0.8028894219575843,0.4723779263940827,-0.1577484710027253,0.9727771480399036,0.0158387329013678,44,0.0158387329013678,629,854.5,0.5156227058112332,0.4943608114800134,0.4969236940496083,561,0.2618627481179273,0.0699523052464228,,24.0,6.0,6.0,8.0,,0.1038706437489552,0.5478559175165271,0.6579455638503987,0.5749297192672744,leave_out_LR01,none,"LR02,LR03,LR04,LR05",lightgbm,LightGBM,0.006071294250759474,0.007518796992481258,0.004623791509037467,0.001112491190144449,0.0027318075336136283,-0.0017998560115191006,-0.0016049260121340225
lightgbm:leave_out_LR02,0.1,test,baseline_common_threshold,lambda_0_validation,2778,0.744060475161987,0.7285410879026064,0.3219178082191781,0.706766917293233,0.7503152585119798,0.4423529411764706,0.3292855569522798,0.0982163815956891,1785,594,117,282,0.1620460991482594,0.8023721556939848,0.4683779784489993,-0.1566118441135549,0.9789650176115956,0.0082793376529877,23,0.0082793376529877,531,756.5,0.5756363444710593,0.5764476812512712,0.5839291978879143,487,0.2613204324237216,0.0433145009416195,5.0,,5.0,6.0,7.0,0.6964131420942522,,0.546012335020737,0.659610870608539,0.5737258352458152,leave_out_LR02,none,"LR01,LR03,LR04,LR05",lightgbm,LightGBM,0.007518796992481258,0.015037593984962405,0.0,0.0005952249265449572,-0.0012681404114697759,-0.009359251259899202,0.058408712647692096
lightgbm:leave_out_LR03,0.0,test,baseline_common_threshold,lambda_0_validation,2778,0.775377969762419,0.7186661483469077,0.3469387755102041,0.6390977443609023,0.798234552332913,0.4497354497354497,0.329078278187055,0.097942081247911,1899,480,144,255,0.1620460991482594,0.7996451827340524,0.4719453791349321,0.0917592755432159,1.0539845533676393,0.046796256299496,130,0.046796256299496,588,813.5,0.5816693520082271,0.5537012871725282,0.5599305183090503,559,0.3231116612048287,0.2210884353741496,5.0,7.0,,7.0,111.0,0.7997263470945637,0.0792975706917617,,0.725875460489381,0.654597166302644,leave_out_LR03,none,"LR01,LR02,LR04,LR05",lightgbm,LightGBM,-0.002356142563217478,-0.05263157894736836,0.047919293820933184,-0.0021317480333874483,0.002299260274463033,0.029157667386609097,0.06444172018485994
lightgbm:leave_out_LR04,0.1,test,baseline_common_threshold,lambda_0_validation,2778,0.7411807055435565,0.7237308276997665,0.3177676537585421,0.6992481203007519,0.748213535098781,0.4369616288175411,0.3290613750133478,0.097998816492331,1780,599,120,279,0.1620460991482594,0.8027424593429769,0.4748273524667962,-0.1106863885719285,1.0253400757947444,0.0143988480921526,40,0.0143988480921526,620,845.5,0.5174493941392645,0.4958107777109905,0.4979153838433636,548,0.2579539189522329,0.064516129032258,5.0,27.0,4.0,,4.0,0.7292223794914148,0.108618736253262,0.5525112498564647,,0.5769435945185543,leave_out_LR04,none,"LR01,LR02,LR03,LR05",lightgbm,LightGBM,0.002708536789641336,0.007518796992481258,-0.0021017234131988083,0.0009655285755371112,0.005181233606327107,-0.0032397408207343013,0.00022176231589732254
lightgbm:leave_out_LR05,0.0,test,baseline_common_threshold,lambda_0_validation,2778,0.775377969762419,0.7186661483469077,0.3469387755102041,0.6390977443609023,0.798234552332913,0.4497354497354497,0.329078278187055,0.097942081247911,1899,480,144,255,0.1620460991482594,0.7996451827340524,0.4719453791349321,0.0917592755432159,1.0539845533676393,0.0111591072714182,31,0.0111591072714182,188,188.0,0.3358038308579528,0.3358038308579528,0.3237852495181376,178,0.0436735786573551,0.1648936170212765,5.0,7.0,12.0,7.0,,0.7997263470945637,0.0792975706917617,0.6427075558106076,0.725875460489381,,leave_out_LR05,none,"LR01,LR02,LR03,LR04",lightgbm,LightGBM,-0.002356142563217478,-0.05263157894736836,0.047919293820933184,-0.0021317480333874483,0.002299260274463033,-0.0064794816414687015,-0.18142380096541438
lightgbm:control_permuted,0.0,test,baseline_common_threshold,lambda_0_validation,2778,0.775377969762419,0.7186661483469077,0.3469387755102041,0.6390977443609023,0.798234552332913,0.4497354497354497,0.329078278187055,0.097942081247911,1899,480,144,255,0.1620460991482594,0.7996451827340524,0.4719453791349321,0.0917592755432159,1.0539845533676393,0.0489560835133189,142,0.0511159107271418,639,864.5,0.5852702177039141,0.560805073871342,0.5645042738010474,566,0.3455475578760179,0.2222222222222222,5.0,7.0,12.0,7.0,111.0,0.7997263470945637,0.0792975706917617,0.6427075558106076,0.725875460489381,0.654597166302644,control_permuted,permuted,"LR01,LR02,LR03,LR04,LR05",lightgbm,LightGBM,-0.002356142563217478,-0.05263157894736836,0.047919293820933184,-0.0021317480333874483,0.002299260274463033,0.031317494600432,0.0680425858805469
lightgbm:control_column_permuted,0.0,test,baseline_common_threshold,lambda_0_validation,2778,0.775377969762419,0.7186661483469077,0.3469387755102041,0.6390977443609023,0.798234552332913,0.4497354497354497,0.329078278187055,0.097942081247911,1899,480,144,255,0.1620460991482594,0.7996451827340524,0.4719453791349321,0.0917592755432159,1.0539845533676393,0.0489560835133189,142,0.0511159107271418,639,864.5,0.5852702177039141,0.560805073871342,0.5645042738010474,566,0.3455475578760179,0.2222222222222222,5.0,7.0,12.0,7.0,111.0,0.7997263470945637,0.0792975706917617,0.6427075558106076,0.725875460489381,0.654597166302644,control_column_permuted,column_permuted,"LR01,LR02,LR03,LR04,LR05",lightgbm,LightGBM,-0.002356142563217478,-0.05263157894736836,0.047919293820933184,-0.0021317480333874483,0.002299260274463033,0.031317494600432,0.0680425858805469
lightgbm:control_reversed,0.0,test,baseline_common_threshold,lambda_0_validation,2778,0.775377969762419,0.7186661483469077,0.3469387755102041,0.6390977443609023,0.798234552332913,0.4497354497354497,0.329078278187055,0.097942081247911,1899,480,144,255,0.1620460991482594,0.7996451827340524,0.4719453791349321,0.0917592755432159,1.0539845533676393,0.0489560835133189,142,0.0511159107271418,639,864.5,0.5852702177039141,0.560805073871342,0.5645042738010474,566,0.3455475578760179,0.2222222222222222,5.0,7.0,12.0,7.0,111.0,0.7997263470945637,0.0792975706917617,0.6427075558106076,0.725875460489381,0.654597166302644,control_reversed,reversed,"LR01,LR02,LR03,LR04,LR05",lightgbm,LightGBM,-0.002356142563217478,-0.05263157894736836,0.047919293820933184,-0.0021317480333874483,0.002299260274463033,0.031317494600432,0.0680425858805469
logistic:all_rules,0.0,test,baseline_common_threshold,lambda_0_validation,2778,0.6159107271418287,0.6964811145139014,0.245814307458143,0.8095238095238095,0.5834384195039932,0.3771161704611792,0.3954876328807399,0.1188529424855129,1388,991,76,323,0.1407551180350323,0.7686992807786595,0.3669462263354828,9.342020050892833,6.359396371430544,0.0201583873290136,57,0.0205183585313174,639,864.5,0.7399690318699369,0.7094589464809056,0.7170886026318833,566,0.4842736360764472,0.0892018779342723,4.0,31.0,1.0,19.0,2.0,0.8279708143968035,0.135103316950022,0.7998284295605904,0.8928541062428719,0.8264255487816486,all_rules,none,"LR01,LR02,LR03,LR04,LR05",logistic,Logistic Regression,0.0,0.0,0.0,0.0,0.0,0.0,0.0
logistic:single_LR01,0.0,test,baseline_common_threshold,lambda_0_validation,2778,0.6159107271418287,0.6964811145139014,0.245814307458143,0.8095238095238095,0.5834384195039932,0.3771161704611792,0.3954876328807399,0.1188529424855129,1388,991,76,323,0.1407551180350323,0.7686992807786595,0.3669462263354828,9.342020050892833,6.359396371430544,0.0014398848092152,4,0.0014398848092152,10,10.0,0.8279708143968035,0.8279708143968035,0.8279708143968035,10,0.0064652722009826,0.4,4.0,,,,,0.8279708143968035,,,,,single_LR01,none,LR01,logistic,Logistic Regression,0.0,0.0,0.0,0.0,0.0,-0.0187185025197984,0.08800178252686663
logistic:single_LR02,0.75,test,baseline_common_threshold,lambda_0_validation,2778,0.6958243340532757,0.722280164471709,0.2880228136882129,0.7593984962406015,0.6851618327028163,0.4176430048242591,0.3955673080142439,0.1189582597876723,1630,749,96,303,0.1407551180350323,0.7707188315471317,0.3734394757081634,9.818383515525634,6.501383664591675,0.0068394528437724,19,0.0068394528437724,108,108.0,0.126047736732085,0.126047736732085,0.126047736732085,108,0.0052446876890593,0.1759259259259259,,19.0,,,,,0.126047736732085,,,,single_LR02,none,LR02,logistic,Logistic Regression,0.025799049957807574,-0.05012531328320802,0.10172341319882305,0.002019550768472267,0.006493249372680587,-0.0133189344852412,-0.6139212951378519
logistic:single_LR03,0.0,test,baseline_common_threshold,lambda_0_validation,2778,0.6159107271418287,0.6964811145139014,0.245814307458143,0.8095238095238095,0.5834384195039932,0.3771161704611792,0.3954876328807399,0.1188529424855129,1388,991,76,323,0.1407551180350323,0.7686992807786595,0.3669462263354828,9.342020050892833,6.359396371430544,0.0003599712023038,1,0.0003599712023038,51,51.0,0.7998284295605904,0.7998284295605904,0.7998284295605904,51,0.029644697335393,0.0196078431372549,,,1.0,,,,,0.7998284295605904,,,single_LR03,none,LR03,logistic,Logistic Regression,0.0,0.0,0.0,0.0,0.0,-0.0197984161267098,0.059859397690653515
logistic:single_LR04,0.0,test,baseline_common_threshold,lambda_0_validation,2778,0.6159107271418287,0.6964811145139014,0.245814307458143,0.8095238095238095,0.5834384195039932,0.3771161704611792,0.3954876328807399,0.1188529424855129,1388,991,76,323,0.1407551180350323,0.7686992807786595,0.3669462263354828,9.342020050892833,6.359396371430544,0.0068394528437724,19,0.0068394528437724,19,19.0,0.8928541062428721,0.8928541062428721,0.8928541062428719,19,0.0152836595305985,1.0,,,,19.0,,,,,0.8928541062428719,,single_LR04,none,LR04,logistic,Logistic Regression,0.0,0.0,0.0,0.0,0.0,-0.0133189344852412,0.1528850743729352
logistic:single_LR05,0.0,test,baseline_common_threshold,lambda_0_validation,2778,0.6159107271418287,0.6964811145139014,0.245814307458143,0.8095238095238095,0.5834384195039932,0.3771161704611792,0.3954876328807399,0.1188529424855129,1388,991,76,323,0.1407551180350323,0.7686992807786595,0.3669462263354828,9.342020050892833,6.359396371430544,0.0007199424046076,2,0.0007199424046076,451,676.5,0.8264255487816486,0.8264255487816488,0.8264255487816486,451,0.4272296052711125,0.0044345898004434,,,,,2.0,,,,,0.8264255487816486,single_LR05,none,LR05,logistic,Logistic Regression,0.0,0.0,0.0,0.0,0.0,-0.019438444924406002,0.08645651691171174
logistic:leave_out_LR01,0.0,test,baseline_common_threshold,lambda_0_validation,2778,0.6159107271418287,0.6964811145139014,0.245814307458143,0.8095238095238095,0.5834384195039932,0.3771161704611792,0.3954876328807399,0.1188529424855129,1388,991,76,323,0.1407551180350323,0.7686992807786595,0.3669462263354828,9.342020050892833,6.359396371430544,0.0187185025197984,53,0.0190784737221022,629,854.5,0.7389391689965974,0.7075748150355017,0.7145621467608096,561,0.4778083638754644,0.0842607313195548,,31.0,1.0,19.0,2.0,,0.135103316950022,0.7998284295605904,0.8928541062428719,0.8264255487816486,leave_out_LR01,none,"LR02,LR03,LR04,LR05",logistic,Logistic Regression,0.0,0.0,0.0,0.0,0.0,-0.0014398848092152007,-0.0010298628733395043
logistic:leave_out_LR02,0.0,test,baseline_common_threshold,lambda_0_validation,2778,0.6159107271418287,0.6964811145139014,0.245814307458143,0.8095238095238095,0.5834384195039932,0.3771161704611792,0.3954876328807399,0.1188529424855129,1388,991,76,323,0.1407551180350323,0.7686992807786595,0.3669462263354828,9.342020050892833,6.359396371430544,0.0089992800575953,26,0.0093592512598992,531,756.5,0.8263213084216233,0.8262770406227801,0.8289552394933346,487,0.4786232343380868,0.0489642184557438,4.0,,1.0,19.0,2.0,0.8279708143968035,,0.7998284295605904,0.8928541062428719,0.8264255487816486,leave_out_LR02,none,"LR01,LR03,LR04,LR05",logistic,Logistic Regression,0.0,0.0,0.0,0.0,0.0,-0.0111591072714183,0.08635227655168642
logistic:leave_out_LR03,0.0,test,baseline_common_threshold,lambda_0_validation,2778,0.6159107271418287,0.6964811145139014,0.245814307458143,0.8095238095238095,0.5834384195039932,0.3771161704611792,0.3954876328807399,0.1188529424855129,1388,991,76,323,0.1407551180350323,0.7686992807786595,0.3669462263354828,9.342020050892833,6.359396371430544,0.0201583873290136,56,0.0201583873290136,588,813.5,0.7362163222421271,0.7016207770301166,0.7152604511246181,559,0.454628938741054,0.0952380952380952,4.0,31.0,,19.0,2.0,0.8279708143968035,0.135103316950022,,0.8928541062428719,0.8264255487816486,leave_out_LR03,none,"LR01,LR02,LR04,LR05",logistic,Logistic Regression,0.0,0.0,0.0,0.0,0.0,0.0,-0.003752709627809825
logistic:leave_out_LR04,0.0,test,baseline_common_threshold,lambda_0_validation,2778,0.6159107271418287,0.6964811145139014,0.245814307458143,0.8095238095238095,0.5834384195039932,0.3771161704611792,0.3954876328807399,0.1188529424855129,1388,991,76,323,0.1407551180350323,0.7686992807786595,0.3669462263354828,9.342020050892833,6.359396371430544,0.0133189344852411,38,0.0136789056875449,620,845.5,0.7365334122211069,0.7038387722301357,0.7105983961150208,548,0.4689899765458484,0.0612903225806451,4.0,31.0,1.0,,2.0,0.8279708143968035,0.135103316950022,0.7998284295605904,,0.8264255487816486,leave_out_LR04,none,"LR01,LR02,LR03,LR05",logistic,Logistic Regression,0.0,0.0,0.0,0.0,0.0,-0.006839452843772501,-0.0034356196488299906
logistic:leave_out_LR05,0.0,test,baseline_common_threshold,lambda_0_validation,2778,0.6159107271418287,0.6964811145139014,0.245814307458143,0.8095238095238095,0.5834384195039932,0.3771161704611792,0.3954876328807399,0.1188529424855129,1388,991,76,323,0.1407551180350323,0.7686992807786595,0.3669462263354828,9.342020050892833,6.359396371430544,0.0197984161267098,55,0.0197984161267098,188,188.0,0.4288635335147612,0.4288635335147612,0.4205023646833645,178,0.0570440308053345,0.2925531914893617,4.0,31.0,1.0,19.0,,0.8279708143968035,0.135103316950022,0.7998284295605904,0.8928541062428719,,leave_out_LR05,none,"LR01,LR02,LR03,LR04",logistic,Logistic Regression,0.0,0.0,0.0,0.0,0.0,-0.0003599712023037993,-0.3111054983551757
logistic:control_permuted,0.0,test,baseline_common_threshold,lambda_0_validation,2778,0.6159107271418287,0.6964811145139014,0.245814307458143,0.8095238095238095,0.5834384195039932,0.3771161704611792,0.3954876328807399,0.1188529424855129,1388,991,76,323,0.1407551180350323,0.7686992807786595,0.3669462263354828,9.342020050892833,6.359396371430544,0.0201583873290136,57,0.0205183585313174,639,864.5,0.7399690318699369,0.7094589464809056,0.7170886026318833,566,0.4842736360764472,0.0892018779342723,4.0,31.0,1.0,19.0,2.0,0.8279708143968035,0.135103316950022,0.7998284295605904,0.8928541062428719,0.8264255487816486,control_permuted,permuted,"LR01,LR02,LR03,LR04,LR05",logistic,Logistic Regression,0.0,0.0,0.0,0.0,0.0,0.0,0.0
logistic:control_column_permuted,0.0,test,baseline_common_threshold,lambda_0_validation,2778,0.6159107271418287,0.6964811145139014,0.245814307458143,0.8095238095238095,0.5834384195039932,0.3771161704611792,0.3954876328807399,0.1188529424855129,1388,991,76,323,0.1407551180350323,0.7686992807786595,0.3669462263354828,9.342020050892833,6.359396371430544,0.0201583873290136,57,0.0205183585313174,639,864.5,0.7399690318699369,0.7094589464809056,0.7170886026318833,566,0.4842736360764472,0.0892018779342723,4.0,31.0,1.0,19.0,2.0,0.8279708143968035,0.135103316950022,0.7998284295605904,0.8928541062428719,0.8264255487816486,control_column_permuted,column_permuted,"LR01,LR02,LR03,LR04,LR05",logistic,Logistic Regression,0.0,0.0,0.0,0.0,0.0,0.0,0.0
logistic:control_reversed,0.0,test,baseline_common_threshold,lambda_0_validation,2778,0.6159107271418287,0.6964811145139014,0.245814307458143,0.8095238095238095,0.5834384195039932,0.3771161704611792,0.3954876328807399,0.1188529424855129,1388,991,76,323,0.1407551180350323,0.7686992807786595,0.3669462263354828,9.342020050892833,6.359396371430544,0.0201583873290136,57,0.0205183585313174,639,864.5,0.7399690318699369,0.7094589464809056,0.7170886026318833,566,0.4842736360764472,0.0892018779342723,4.0,31.0,1.0,19.0,2.0,0.8279708143968035,0.135103316950022,0.7998284295605904,0.8928541062428719,0.8264255487816486,control_reversed,reversed,"LR01,LR02,LR03,LR04,LR05",logistic,Logistic Regression,0.0,0.0,0.0,0.0,0.0,0.0,0.0
neural:all_rules,0.0,test,baseline_common_threshold,lambda_0_validation,2778,0.7210223182145429,0.7296915049287784,0.3057851239669421,0.7418546365914787,0.7175283732660782,0.4330651060716898,0.3266836116287911,0.0970622717167395,1707,672,103,296,0.118138941625754,0.8034056347257382,0.486491531883908,0.2459355923922429,1.100790695498748,0.0215982721382289,62,0.0223182145428365,639,864.5,0.6017590767181642,0.5774755367074486,0.5790998315232556,566,0.3561499097824015,0.0970266040688575,6.0,14.0,8.0,8.0,26.0,0.8299908118632933,0.0655157441779235,0.6984573519892162,0.8201171990091863,0.6705714140434289,all_rules,none,"LR01,LR02,LR03,LR04,LR05",neural,Neural Network (MLP),0.0,0.0,0.0,0.0,0.0,0.0,0.0
neural:single_LR01,0.25,test,baseline_common_threshold,lambda_0_validation,2778,0.7167026637868971,0.7282123973237002,0.3024439918533605,0.7443609022556391,0.7120638923917613,0.4301230992034757,0.3280130238251943,0.0974188877937475,1694,685,102,297,0.118138941625754,0.8006107113095896,0.4858625869429147,0.2035319257139493,1.0870554357364073,0.0010799136069114,3,0.0010799136069114,10,10.0,0.7571264835695427,0.7571264835695427,0.7571264835695426,10,0.0057851137122114,0.3,3.0,,,,,0.7571264835695426,,,,,single_LR01,none,LR01,neural,Neural Network (MLP),-0.0014791076050781893,0.0025062656641604564,-0.005464480874316946,-0.0027949234161486203,-0.0006289449409933034,-0.020518358531317497,0.1553674068513785
neural:single_LR02,0.25,test,baseline_common_threshold,lambda_0_validation,2778,0.730381569474442,0.7299411833492938,0.3122317596566523,0.7293233082706767,0.7305590584279109,0.4372652141247182,0.3283215510223741,0.0975419078602017,1738,641,108,291,0.118138941625754,0.8005327526466439,0.4818918621612225,0.2450866344354508,1.081333609963023,0.0021598272138228,6,0.0021598272138228,108,108.0,0.0511049538258647,0.0511049538258647,0.0511049538258647,108,0.0020661993523906,0.0555555555555555,,6.0,,,,,0.0511049538258647,,,,single_LR02,none,LR02,neural,Neural Network (MLP),0.0002496784205153757,-0.012531328320801949,0.0130306851618327,-0.0028728820790943077,-0.0045996697226854955,-0.0194384449244061,-0.5506541228922995
neural:single_LR03,0.1,test,baseline_common_threshold,lambda_0_validation,2778,0.7235421166306696,0.7322056718087779,0.308411214953271,0.7443609022556391,0.7200504413619168,0.4361233480176211,0.327349250903042,0.0973657757495432,1713,666,102,297,0.118138941625754,0.8027387721089188,0.4817713943173765,0.2049429726713698,1.0868171716504351,0.0025197984161267,7,0.0025197984161267,51,51.0,0.665658748751275,0.665658748751275,0.6656587487512748,51,0.0230260722203711,0.1372549019607843,,,7.0,,,,,0.6656587487512748,,,single_LR03,none,LR03,neural,Neural Network (MLP),0.002514166879999502,0.0025062656641604564,0.0025220680958385477,-0.0006668626168194747,-0.0047201375665315015,-0.0190784737221022,0.06389967203311075
neural:single_LR04,0.5,test,baseline_common_threshold,lambda_0_validation,2778,0.7167026637868971,0.7323842392867415,0.304040404040404,0.7543859649122807,0.7103825136612022,0.4334053275737941,0.3263861409331325,0.0971713916124078,1690,689,98,301,0.118138941625754,0.8051428487148936,0.4785954793000799,0.2743749131827006,1.1355196723700542,0.0007199424046076,2,0.0007199424046076,19,19.0,0.6499571813956686,0.6499571813956686,0.6499571813956687,19,0.0082580802322925,0.1052631578947368,,,,2.0,,,,,0.6499571813956687,,single_LR04,none,LR04,neural,Neural Network (MLP),0.0026927343579630225,0.01253132832080206,-0.007145859604876015,0.001737213989155384,-0.007896052583828084,-0.0208783297336213,0.048198104677504405
neural:single_LR05,0.1,test,baseline_common_threshold,lambda_0_validation,2778,0.6925845932325414,0.7266463763443919,0.287977632805219,0.7744360902255639,0.6788566624632199,0.4198369565217391,0.3270295248514736,0.097133532774627,1615,764,90,309,0.118138941625754,0.803607905851219,0.4860561704961714,0.0116306739420746,1.0567299231316092,0.0014398848092152,4,0.0014398848092152,451,676.5,0.6062013552595048,0.6062013552595049,0.6062013552595048,451,0.2456511007779842,0.0088691796008869,,,,,4.0,,,,,0.6062013552595048,single_LR05,none,LR05,neural,Neural Network (MLP),-0.003045128584386547,0.03258145363408527,-0.03867171080285836,0.00020227112548076853,-0.00043536138773658806,-0.020158387329013698,0.004442278541340605
neural:leave_out_LR01,0.0,test,baseline_common_threshold,lambda_0_validation,2778,0.7210223182145429,0.7296915049287784,0.3057851239669421,0.7418546365914787,0.7175283732660782,0.4330651060716898,0.3266836116287911,0.0970622717167395,1707,672,103,296,0.118138941625754,0.8034056347257382,0.486491531883908,0.2459355923922429,1.100790695498748,0.019438444924406,56,0.0201583873290136,629,854.5,0.5990881377463078,0.573460985433111,0.5745755186328957,561,0.3481999145310646,0.0890302066772655,,14.0,8.0,8.0,26.0,,0.0655157441779235,0.6984573519892162,0.8201171990091863,0.6705714140434289,leave_out_LR01,none,"LR02,LR03,LR04,LR05",neural,Neural Network (MLP),0.0,0.0,0.0,0.0,0.0,-0.0021598272138229,-0.0026709389718564402
neural:leave_out_LR02,0.1,test,baseline_common_threshold,lambda_0_validation,2778,0.6886249100071994,0.7264204015713938,0.2858455882352941,0.7794486215538847,0.6733921815889029,0.4182918628110289,0.3265453381527656,0.096976634643743,1602,777,88,311,0.118138941625754,0.8048457629993436,0.4872247593543134,-0.0390160154083416,1.0362747647008967,0.0061195104391648,17,0.0061195104391648,531,756.5,0.5999606085362992,0.6028696415841823,0.6079926848409011,487,0.2745008628835509,0.032015065913371,4.0,,5.0,6.0,2.0,0.7721389590452115,,0.5923243325228005,0.7737372515298295,0.5931105129778694,leave_out_LR02,none,"LR01,LR03,LR04,LR05",neural,Neural Network (MLP),-0.003271103357384675,0.03759398496240607,-0.04413619167717531,0.001440128273605401,0.0007332274704054398,-0.015478761699064099,-0.0017984681818650206
neural:leave_out_LR03,0.0,test,baseline_common_threshold,lambda_0_validation,2778,0.7210223182145429,0.7296915049287784,0.3057851239669421,0.7418546365914787,0.7175283732660782,0.4330651060716898,0.3266836116287911,0.0970622717167395,1707,672,103,296,0.118138941625754,0.8034056347257382,0.486491531883908,0.2459355923922429,1.100790695498748,0.019438444924406,54,0.019438444924406,588,813.5,0.5956968615505874,0.566982215994234,0.5740436951778096,559,0.3299985244781168,0.0918367346938775,6.0,14.0,,8.0,26.0,0.8299908118632933,0.0655157441779235,,0.8201171990091863,0.6705714140434289,leave_out_LR03,none,"LR01,LR02,LR04,LR05",neural,Neural Network (MLP),0.0,0.0,0.0,0.0,0.0,-0.0021598272138229,-0.006062215167576768
neural:leave_out_LR04,0.0,test,baseline_common_threshold,lambda_0_validation,2778,0.7210223182145429,0.7296915049287784,0.3057851239669421,0.7418546365914787,0.7175283732660782,0.4330651060716898,0.3266836116287911,0.0970622717167395,1707,672,103,296,0.118138941625754,0.8034056347257382,0.486491531883908,0.2459355923922429,1.100790695498748,0.0187185025197984,54,0.019438444924406,620,845.5,0.5968521526217366,0.57003974383046,0.570599047191584,548,0.3423672025933396,0.0870967741935483,6.0,14.0,8.0,,26.0,0.8299908118632933,0.0655157441779235,0.6984573519892162,,0.6705714140434289,leave_out_LR04,none,"LR01,LR02,LR03,LR05",neural,Neural Network (MLP),0.0,0.0,0.0,0.0,0.0,-0.0028797696184304986,-0.004906924096427567
neural:leave_out_LR05,0.0,test,baseline_common_threshold,lambda_0_validation,2778,0.7210223182145429,0.7296915049287784,0.3057851239669421,0.7418546365914787,0.7175283732660782,0.4330651060716898,0.3266836116287911,0.0970622717167395,1707,672,103,296,0.118138941625754,0.8034056347257382,0.486491531883908,0.2459355923922429,1.100790695498748,0.0129589632829373,36,0.0129589632829373,188,188.0,0.3541444692684747,0.3541444692684747,0.343892644904205,178,0.0505649348010699,0.1914893617021276,6.0,14.0,8.0,8.0,,0.8299908118632933,0.0655157441779235,0.6984573519892162,0.8201171990091863,,leave_out_LR05,none,"LR01,LR02,LR03,LR04",neural,Neural Network (MLP),0.0,0.0,0.0,0.0,0.0,-0.008639308855291598,-0.2476146074496895
neural:control_permuted,0.0,test,baseline_common_threshold,lambda_0_validation,2778,0.7210223182145429,0.7296915049287784,0.3057851239669421,0.7418546365914787,0.7175283732660782,0.4330651060716898,0.3266836116287911,0.0970622717167395,1707,672,103,296,0.118138941625754,0.8034056347257382,0.486491531883908,0.2459355923922429,1.100790695498748,0.0215982721382289,62,0.0223182145428365,639,864.5,0.6017590767181642,0.5774755367074486,0.5790998315232556,566,0.3561499097824015,0.0970266040688575,6.0,14.0,8.0,8.0,26.0,0.8299908118632933,0.0655157441779235,0.6984573519892162,0.8201171990091863,0.6705714140434289,control_permuted,permuted,"LR01,LR02,LR03,LR04,LR05",neural,Neural Network (MLP),0.0,0.0,0.0,0.0,0.0,0.0,0.0
neural:control_column_permuted,0.0,test,baseline_common_threshold,lambda_0_validation,2778,0.7210223182145429,0.7296915049287784,0.3057851239669421,0.7418546365914787,0.7175283732660782,0.4330651060716898,0.3266836116287911,0.0970622717167395,1707,672,103,296,0.118138941625754,0.8034056347257382,0.486491531883908,0.2459355923922429,1.100790695498748,0.0215982721382289,62,0.0223182145428365,639,864.5,0.6017590767181642,0.5774755367074486,0.5790998315232556,566,0.3561499097824015,0.0970266040688575,6.0,14.0,8.0,8.0,26.0,0.8299908118632933,0.0655157441779235,0.6984573519892162,0.8201171990091863,0.6705714140434289,control_column_permuted,column_permuted,"LR01,LR02,LR03,LR04,LR05",neural,Neural Network (MLP),0.0,0.0,0.0,0.0,0.0,0.0,0.0
neural:control_reversed,0.0,test,baseline_common_threshold,lambda_0_validation,2778,0.7210223182145429,0.7296915049287784,0.3057851239669421,0.7418546365914787,0.7175283732660782,0.4330651060716898,0.3266836116287911,0.0970622717167395,1707,672,103,296,0.118138941625754,0.8034056347257382,0.486491531883908,0.2459355923922429,1.100790695498748,0.0215982721382289,62,0.0223182145428365,639,864.5,0.6017590767181642,0.5774755367074486,0.5790998315232556,566,0.3561499097824015,0.0970266040688575,6.0,14.0,8.0,8.0,26.0,0.8299908118632933,0.0655157441779235,0.6984573519892162,0.8201171990091863,0.6705714140434289,control_reversed,reversed,"LR01,LR02,LR03,LR04,LR05",neural,Neural Network (MLP),0.0,0.0,0.0,0.0,0.0,0.0,0.0
