algorithm_key,algorithm,penalty_multiplier,split,evaluation_mode,threshold_selected_on,n_patients,accuracy,balanced_accuracy,precision,recall_sensitivity,specificity,f1,log_loss,brier_score,tn,fp,fn,tp,threshold,roc_auc,average_precision,calibration_intercept,calibration_slope,patient_violation_rate,total_rule_patient_violations,violations_per_patient,active_rule_count,active_rule_weight,soft_rule_violation,unweighted_soft_rule_violation,mean_patient_soft_rule_violation,patients_with_active_rules,rule_bce_per_patient,active_rule_violation_rate,violation_LR01_neg,violation_LR02_pos,violation_LR03_neg,violation_LR04_neg,violation_LR05_neg,soft_violation_LR01,soft_violation_LR02,soft_violation_LR03,soft_violation_LR04,soft_violation_LR05,violation_reduction_fraction,soft_violation_reduction_fraction,passes_balanced_accuracy,passes_auc,passes_average_precision,passes_violation_reduction,passes_soft_violation_reduction,is_penalized,eligible,selected,best_validation_balanced_accuracy,baseline_validation_roc_auc,baseline_validation_average_precision,baseline_validation_patient_violation_rate,baseline_validation_soft_rule_violation,balanced_accuracy_tolerance,auc_tolerance,average_precision_tolerance,minimum_violation_reduction,minimum_soft_violation_reduction,selection_reason,selection_evaluation_mode,baseline_common_threshold
xgboost,XGBoost,0.0,validation,baseline_common_threshold,lambda_0_validation,2778,0.7688984881209503,0.7315704140553149,0.3452229299363057,0.6791979949874687,0.783942833123161,0.4577702702702703,0.34098166820689346,0.10336912675655044,1865,514,128,271,0.176466839134463,0.7895953629344483,0.4112856354938421,-0.16055807277262055,0.9450566056771348,0.04895608351331893,140,0.0503959683225342,722,972.0,0.5699154554402365,0.5441732622282471,0.5464752137527653,629,0.36939971809568556,0.19390581717451524,9,8,7,6,110,0.8668706868602228,0.084804724391213,0.6280662797347889,0.583404961449824,0.6442589094364617,0.0,0.0,True,True,True,False,True,False,False,False,0.7315704140553149,0.7895953629344483,0.4112856354938421,0.04895608351331893,0.5699154554402365,0.01,0.01,0.02,0.4,0.0,"Selected the smallest penalized lambda satisfying balanced-accuracy, ROC-AUC, average-precision, and violation-reduction constraints.",baseline_common_threshold,0.176466839134463
xgboost,XGBoost,0.1,validation,baseline_common_threshold,lambda_0_validation,2778,0.7379409647228222,0.7270540790816891,0.3166109253065775,0.7117794486215538,0.7423287095418243,0.4382716049382716,0.345990758574575,0.10552690197164064,1766,613,115,284,0.176466839134463,0.7880814899796782,0.40536484339565887,-0.37632701802928226,0.900852870014021,0.019798416126709864,55,0.019798416126709864,722,972.0,0.5036233240077187,0.483444008929113,0.483914305590644,629,0.28305808718549713,0.07617728531855955,9,27,1,4,14,0.8324393928523459,0.1183240762587812,0.5364219174722495,0.5435447787511751,0.5619011859547323,0.5955882352941176,0.11631923787943214,True,True,True,True,True,True,True,True,0.7315704140553149,0.7895953629344483,0.4112856354938421,0.04895608351331893,0.5699154554402365,0.01,0.01,0.02,0.4,0.0,"Selected the smallest penalized lambda satisfying balanced-accuracy, ROC-AUC, average-precision, and violation-reduction constraints.",baseline_common_threshold,0.176466839134463
xgboost,XGBoost,0.25,validation,baseline_common_threshold,lambda_0_validation,2778,0.7282217422606192,0.7182505443937713,0.30610021786492375,0.7042606516290727,0.73224043715847,0.4267274107820805,0.35837263545334136,0.11082556699042341,1742,637,118,281,0.176466839134463,0.7821371419300669,0.3928939638663461,-0.6297031392452024,0.7748889305664916,0.016918646508279338,47,0.016918646508279338,722,972.0,0.42842999313641755,0.4133175774814666,0.41184115590135284,629,0.21697209521366492,0.06509695290858726,7,37,1,2,0,0.7687077097781195,0.1354957876242157,0.43733587812725055,0.49623740083700535,0.47207464954791584,0.6544117647058824,0.24825693171371738,False,True,True,True,True,True,False,False,0.7315704140553149,0.7895953629344483,0.4112856354938421,0.04895608351331893,0.5699154554402365,0.01,0.01,0.02,0.4,0.0,"Selected the smallest penalized lambda satisfying balanced-accuracy, ROC-AUC, average-precision, and violation-reduction constraints.",baseline_common_threshold,0.176466839134463
xgboost,XGBoost,0.5,validation,baseline_common_threshold,lambda_0_validation,2778,0.7224622030237581,0.7159307474234136,0.30128205128205127,0.706766917293233,0.725094577553594,0.42247191011235957,0.37905296426351365,0.12043211710183041,1725,654,117,282,0.176466839134463,0.7787248701830236,0.3868130147525362,-0.8568254226454114,0.6859376287947578,0.014038876889848811,39,0.014038876889848811,722,972.0,0.3475836397942426,0.3383340282165307,0.3334131667957336,629,0.16074603355835584,0.054016620498614956,1,38,0,0,0,0.6846084837189708,0.15766430716019333,0.34047113494030096,0.44205074661360333,0.3742965180306749,0.7132352941176471,0.3901136800619867,False,False,False,True,True,True,False,False,0.7315704140553149,0.7895953629344483,0.4112856354938421,0.04895608351331893,0.5699154554402365,0.01,0.01,0.02,0.4,0.0,"Selected the smallest penalized lambda satisfying balanced-accuracy, ROC-AUC, average-precision, and violation-reduction constraints.",baseline_common_threshold,0.176466839134463
xgboost,XGBoost,0.75,validation,baseline_common_threshold,lambda_0_validation,2778,0.7242620590352772,0.7180245696207732,0.3033226152197213,0.7092731829573935,0.726775956284153,0.42492492492492495,0.397860414014763,0.12856090306826512,1729,650,116,283,0.176466839134463,0.7763086783794291,0.3806211075867581,-0.9855904641855978,0.6135579842679626,0.013678905687544997,38,0.013678905687544997,722,972.0,0.2949984081924642,0.2887998202917145,0.2810626742117715,629,0.13052503890429162,0.05263157894736842,1,37,0,0,0,0.6018907699070393,0.16175386156234803,0.27968250751164814,0.39704395052345376,0.3128999300498293,0.7205882352941176,0.48238215795606043,False,False,False,True,True,True,False,False,0.7315704140553149,0.7895953629344483,0.4112856354938421,0.04895608351331893,0.5699154554402365,0.01,0.01,0.02,0.4,0.0,"Selected the smallest penalized lambda satisfying balanced-accuracy, ROC-AUC, average-precision, and violation-reduction constraints.",baseline_common_threshold,0.176466839134463
xgboost,XGBoost,1.0,validation,baseline_common_threshold,lambda_0_validation,2778,0.724622030237581,0.7182347419620931,0.30364806866952787,0.7092731829573935,0.7271963009667928,0.425244177310293,0.4134966262697107,0.13501058283844716,1730,649,116,283,0.176466839134463,0.7758999221466866,0.3739841753009312,-1.0729664118005373,0.5821293797236612,0.013678905687544997,38,0.013678905687544997,722,972.0,0.2613281730973876,0.2578147925951529,0.24786584670683673,629,0.1125944832362049,0.05263157894736842,1,37,0,0,0,0.56158003091189,0.17420693476720991,0.24517972916913003,0.35991521832326795,0.2714748159878414,0.7205882352941176,0.5414615087153195,False,False,False,True,True,True,False,False,0.7315704140553149,0.7895953629344483,0.4112856354938421,0.04895608351331893,0.5699154554402365,0.01,0.01,0.02,0.4,0.0,"Selected the smallest penalized lambda satisfying balanced-accuracy, ROC-AUC, average-precision, and violation-reduction constraints.",baseline_common_threshold,0.176466839134463
xgboost,XGBoost,1.5,validation,baseline_common_threshold,lambda_0_validation,2778,0.7217422606191505,0.7134244817592531,0.29978586723768735,0.7017543859649122,0.725094577553594,0.42010502625656415,0.44337336727970006,0.1457678433495497,1725,654,119,280,0.176466839134463,0.773171895691309,0.36951411792223665,-1.1862170583334646,0.5144581587911518,0.013678905687544997,38,0.013678905687544997,722,972.0,0.2109484864510249,0.21024419200179464,0.19694711752130403,629,0.08864460686414682,0.05263157894736842,1,37,0,0,0,0.46950847325701534,0.17724506596928807,0.19366457733377884,0.2877832219487163,0.21298248882040197,0.7205882352941176,0.6298600354888151,False,False,False,True,True,True,False,False,0.7315704140553149,0.7895953629344483,0.4112856354938421,0.04895608351331893,0.5699154554402365,0.01,0.01,0.02,0.4,0.0,"Selected the smallest penalized lambda satisfying balanced-accuracy, ROC-AUC, average-precision, and violation-reduction constraints.",baseline_common_threshold,0.176466839134463
xgboost,XGBoost,2.0,validation,baseline_common_threshold,lambda_0_validation,2778,0.720662347012239,0.7138369252260538,0.2992545260915868,0.7042606516290727,0.7234131988230349,0.4200298953662182,0.46735631154625606,0.15295152784288565,1721,658,118,281,0.176466839134463,0.7708937117910372,0.37020004756847813,-1.2548696207156513,0.4744114291827169,0.013678905687544997,38,0.013678905687544997,722,972.0,0.18014882063842325,0.18107388241902314,0.1657353208141413,629,0.0751822347137639,0.05263157894736842,1,37,0,0,0,0.41528901917782596,0.1760866709313191,0.1606702036642935,0.2622028083092236,0.17747724221605082,0.7205882352941176,0.6839025527053559,False,False,False,True,True,True,False,False,0.7315704140553149,0.7895953629344483,0.4112856354938421,0.04895608351331893,0.5699154554402365,0.01,0.01,0.02,0.4,0.0,"Selected the smallest penalized lambda satisfying balanced-accuracy, ROC-AUC, average-precision, and violation-reduction constraints.",baseline_common_threshold,0.176466839134463
lightgbm,LightGBM,0.0,validation,baseline_common_threshold,lambda_0_validation,2778,0.7534197264218863,0.7319196477954028,0.3309692671394799,0.7017543859649122,0.7620849096258933,0.4497991967871486,0.3409690727392309,0.1033494132771442,1813,566,119,280,0.1620460991482594,0.7898776997137652,0.40453878836719104,-0.1398448685489366,0.9606272594483047,0.04283657307415407,121,0.0435565154787617,722,972.0,0.5716697723876557,0.5461855457469048,0.548673458941187,629,0.36685097670401867,0.16759002770083103,9,9,6,6,91,0.8638260760203477,0.08276934369713913,0.6308009009096434,0.6544595726203124,0.6452682189261444,0.0,0.0,True,True,True,False,True,False,False,False,0.7319196477954028,0.7898776997137652,0.40453878836719104,0.04283657307415407,0.5716697723876557,0.01,0.01,0.02,0.4,0.0,"Selected the smallest penalized lambda satisfying balanced-accuracy, ROC-AUC, average-precision, and violation-reduction constraints.",baseline_common_threshold,0.1620460991482594
lightgbm,LightGBM,0.1,validation,baseline_common_threshold,lambda_0_validation,2778,0.7249820014398848,0.724702677247975,0.3064687168610817,0.7243107769423559,0.725094577553594,0.4307004470938897,0.34573016287755515,0.10532552739557705,1725,654,110,289,0.1620460991482594,0.787225524930443,0.404844455644664,-0.38384702683023564,0.8769333967227718,0.020158387329013677,56,0.020158387329013677,722,972.0,0.50326287070996,0.4826379666874183,0.48424372894119494,629,0.284805099199124,0.07756232686980609,8,29,2,6,11,0.810495803558491,0.10702650836800569,0.5311210149762018,0.6111952179581552,0.5628275935270605,0.5294117647058824,0.11966156858702721,True,True,True,True,True,True,True,True,0.7319196477954028,0.7898776997137652,0.40453878836719104,0.04283657307415407,0.5716697723876557,0.01,0.01,0.02,0.4,0.0,"Selected the smallest penalized lambda satisfying balanced-accuracy, ROC-AUC, average-precision, and violation-reduction constraints.",baseline_common_threshold,0.1620460991482594
lightgbm,LightGBM,0.25,validation,baseline_common_threshold,lambda_0_validation,2778,0.7181425485961123,0.7217523632536574,0.3008298755186722,0.7268170426065163,0.7166876839007986,0.425531914893617,0.35845414518180846,0.11083510073493583,1705,674,109,290,0.1620460991482594,0.7815519252102513,0.3957719403581861,-0.6236476308624972,0.7791299337162709,0.01655867530597552,46,0.01655867530597552,722,972.0,0.42974287007026074,0.4147868496092746,0.41391997104692135,629,0.21730282504248538,0.06371191135734072,6,37,1,2,0,0.7521800878661213,0.1342917924701329,0.43766832089302793,0.5593435780345014,0.4729358571615885,0.6134453781512605,0.248267285017744,False,True,True,True,True,True,False,False,0.7319196477954028,0.7898776997137652,0.40453878836719104,0.04283657307415407,0.5716697723876557,0.01,0.01,0.02,0.4,0.0,"Selected the smallest penalized lambda satisfying balanced-accuracy, ROC-AUC, average-precision, and violation-reduction constraints.",baseline_common_threshold,0.1620460991482594
lightgbm,LightGBM,0.5,validation,baseline_common_threshold,lambda_0_validation,2778,0.7102231821454283,0.7181715322353803,0.29453441295546556,0.7293233082706767,0.7070197562000841,0.41961067051189616,0.3789783090682988,0.12027485098082806,1682,697,108,291,0.1620460991482594,0.7777493334007569,0.3846870929416893,-0.8479557632261636,0.6781528465568691,0.014038876889848811,39,0.014038876889848811,722,972.0,0.3496565430155844,0.34046659897121506,0.3359758948168239,629,0.16171332383254805,0.054016620498614956,1,38,0,0,0,0.6826510554155102,0.15577966862016054,0.34467365093481783,0.4806236171644173,0.3761971014157231,0.6722689075630253,0.38835922432071784,False,False,True,True,True,True,False,False,0.7319196477954028,0.7898776997137652,0.40453878836719104,0.04283657307415407,0.5716697723876557,0.01,0.01,0.02,0.4,0.0,"Selected the smallest penalized lambda satisfying balanced-accuracy, ROC-AUC, average-precision, and violation-reduction constraints.",baseline_common_threshold,0.1620460991482594
lightgbm,LightGBM,0.75,validation,baseline_common_threshold,lambda_0_validation,2778,0.7120230381569475,0.7202653544327401,0.29644670050761424,0.731829573934837,0.7087011349306431,0.42196531791907516,0.39907107931776714,0.1287940020358838,1686,693,107,292,0.1620460991482594,0.7739578032934374,0.3759610712828837,-0.9875008270153433,0.6062070238495605,0.013678905687544997,38,0.013678905687544997,722,972.0,0.29453851549074805,0.28869911537067383,0.28129667586296453,629,0.12996129696513536,0.05263157894736842,0,38,0,0,0,0.5990329756325387,0.16357497633839918,0.2799314535942772,0.4273216123795454,0.31140270303752243,0.6806722689075629,0.4847750751967026,False,False,False,True,True,True,False,False,0.7319196477954028,0.7898776997137652,0.40453878836719104,0.04283657307415407,0.5716697723876557,0.01,0.01,0.02,0.4,0.0,"Selected the smallest penalized lambda satisfying balanced-accuracy, ROC-AUC, average-precision, and violation-reduction constraints.",baseline_common_threshold,0.1620460991482594
lightgbm,LightGBM,1.0,validation,baseline_common_threshold,lambda_0_validation,2778,0.7123830093592513,0.7225614477555806,0.2975708502024291,0.7368421052631579,0.7082807902480034,0.4239365537130497,0.416125436834405,0.13557882696562848,1685,694,105,294,0.1620460991482594,0.7719846063245545,0.3733106549417781,-1.0734527586162055,0.5621574200851501,0.013678905687544997,38,0.013678905687544997,722,972.0,0.25797483143163974,0.25441189245548107,0.24453808376539954,629,0.1109848203734154,0.05263157894736842,0,38,0,0,0,0.5597297919182685,0.16659141748711992,0.24286297305901028,0.3806812366095471,0.26826459919478585,0.6806722689075629,0.5487345249090692,True,False,False,True,True,True,False,False,0.7319196477954028,0.7898776997137652,0.40453878836719104,0.04283657307415407,0.5716697723876557,0.01,0.01,0.02,0.4,0.0,"Selected the smallest penalized lambda satisfying balanced-accuracy, ROC-AUC, average-precision, and violation-reduction constraints.",baseline_common_threshold,0.1620460991482594
lightgbm,LightGBM,1.5,validation,baseline_common_threshold,lambda_0_validation,2778,0.7105831533477321,0.7183817045767003,0.2948328267477204,0.7293233082706767,0.7074401008827238,0.4199134199134199,0.4436415427670358,0.14561539851113767,1683,696,108,291,0.1620460991482594,0.7720499230421577,0.367753076425996,-1.1805986785837261,0.5090780237043642,0.013678905687544997,38,0.013678905687544997,722,972.0,0.21081394602307152,0.21014823506357605,0.19709800383272919,629,0.08841650296404377,0.05263157894736842,0,38,0,0,0,0.49204689469132445,0.17260729680977532,0.19129297600289055,0.32546434905257027,0.2127365192740944,0.6806722689075629,0.6312312523669413,False,False,False,True,True,True,False,False,0.7319196477954028,0.7898776997137652,0.40453878836719104,0.04283657307415407,0.5716697723876557,0.01,0.01,0.02,0.4,0.0,"Selected the smallest penalized lambda satisfying balanced-accuracy, ROC-AUC, average-precision, and violation-reduction constraints.",baseline_common_threshold,0.1620460991482594
lightgbm,LightGBM,2.0,validation,baseline_common_threshold,lambda_0_validation,2778,0.7095032397408207,0.71566526657122,0.29310344827586204,0.7243107769423559,0.7070197562000841,0.41732851985559566,0.46429021212428995,0.15227719759353228,1682,697,110,289,0.1620460991482594,0.7708294485688791,0.366773412426581,-1.2516619015950783,0.4834728571992889,0.013678905687544997,38,0.013678905687544997,722,972.0,0.18440734256162516,0.18581434477443212,0.17048759028963123,629,0.07648069137174217,0.05263157894736842,0,38,0,0,0,0.452361756966244,0.1804171765406855,0.16985559304107736,0.28968769493278035,0.18034392017103876,0.6806722689075629,0.6774233106791302,False,False,False,True,True,True,False,False,0.7319196477954028,0.7898776997137652,0.40453878836719104,0.04283657307415407,0.5716697723876557,0.01,0.01,0.02,0.4,0.0,"Selected the smallest penalized lambda satisfying balanced-accuracy, ROC-AUC, average-precision, and violation-reduction constraints.",baseline_common_threshold,0.1620460991482594
logistic,Logistic Regression,0.0,validation,baseline_common_threshold,lambda_0_validation,2778,0.6133909287257019,0.7064824735230257,0.2486969471332837,0.8370927318295739,0.5758722152164775,0.38346727898966704,0.395825257538041,0.11894896582947341,1370,1009,65,334,0.14075511803503238,0.7593610971522965,0.3346097344662093,8.177543611673554,5.715480851711968,0.02663786897048236,74,0.02663786897048236,722,972.0,0.7329592237115047,0.7009287229375568,0.7086454504132013,629,0.537264471890194,0.10249307479224377,7,51,0,15,1,0.8570532092542398,0.13614523400534911,0.7996402922478146,0.8957438651156685,0.8254633099466664,0.0,0.0,True,True,True,False,True,False,False,True,0.7064824735230257,0.7593610971522965,0.3346097344662093,0.02663786897048236,0.7329592237115047,0.01,0.01,0.02,0.4,0.0,No penalized lambda satisfied all validation constraints; the unpenalized baseline was retained.,baseline_common_threshold,0.14075511803503238
logistic,Logistic Regression,0.1,validation,baseline_common_threshold,lambda_0_validation,2778,0.2843772498200144,0.5623611361316279,0.16177096636866753,0.9523809523809523,0.1723413198823035,0.2765647743813683,0.39391673093260704,0.11789580279756008,410,1969,19,380,0.14075511803503238,0.7570960819450897,0.3310574526076553,5.022171911153748,4.346200382680233,0.038876889848812095,108,0.038876889848812095,722,972.0,0.7039355237377478,0.6746077342870175,0.6823425894635355,629,0.4811548629228246,0.14958448753462603,1,92,0,15,0,0.8342499205633225,0.15966357596143393,0.7494375377381061,0.8902535218400156,0.7886341796714569,-0.45945945945945954,0.03959797357728688,False,True,True,False,True,True,False,False,0.7064824735230257,0.7593610971522965,0.3346097344662093,0.02663786897048236,0.7329592237115047,0.01,0.01,0.02,0.4,0.0,No penalized lambda satisfied all validation constraints; the unpenalized baseline was retained.,baseline_common_threshold,0.14075511803503238
logistic,Logistic Regression,0.25,validation,baseline_common_threshold,lambda_0_validation,2778,0.1673866090712743,0.5076136115825504,0.14555555555555555,0.9849624060150376,0.03026481715006305,0.2536302032913843,0.3968694897971352,0.11808419060879877,72,2307,6,393,0.14075511803503238,0.7553820448557289,0.3287666317062826,2.761558556441347,3.343743214965789,0.0482361411087113,134,0.0482361411087113,722,972.0,0.6638976698178342,0.638209517148797,0.6460170290890531,629,0.41884200531012283,0.18559556786703602,0,119,0,15,0,0.8042689274744447,0.19060926300855646,0.6795715252442864,0.8844573972647043,0.7380850547260135,-0.8108108108108109,0.09422291398962379,False,True,True,False,True,True,False,False,0.7064824735230257,0.7593610971522965,0.3346097344662093,0.02663786897048236,0.7329592237115047,0.01,0.01,0.02,0.4,0.0,No penalized lambda satisfied all validation constraints; the unpenalized baseline was retained.,baseline_common_threshold,0.14075511803503238
logistic,Logistic Regression,0.5,validation,baseline_common_threshold,lambda_0_validation,2778,0.14794816414686826,0.4962643051512767,0.14270152505446623,0.9849624060150376,0.007566204287515763,0.24928639391056137,0.4091013048757534,0.1215073147988939,18,2361,6,393,0.14075511803503238,0.7542600722065779,0.32705633341660456,1.086809658477587,2.5868608147977556,0.04895608351331893,136,0.04895608351331893,722,972.0,0.6072463112464292,0.5866217626843107,0.5944503638100358,629,0.3496489634321275,0.1883656509695291,0,124,0,12,0,0.763770340032938,0.23199534760578616,0.5818382628428862,0.8782476422942281,0.6668100074938277,-0.8378378378378379,0.17151419669500806,False,True,True,False,True,True,False,False,0.7064824735230257,0.7593610971522965,0.3346097344662093,0.02663786897048236,0.7329592237115047,0.01,0.01,0.02,0.4,0.0,No penalized lambda satisfied all validation constraints; the unpenalized baseline was retained.,baseline_common_threshold,0.14075511803503238
logistic,Logistic Regression,0.75,validation,baseline_common_threshold,lambda_0_validation,2778,0.14578833693304535,0.4950032711033574,0.1423913043478261,0.9849624060150376,0.005044136191677175,0.24881291547958215,0.4247366137422576,0.12702147036533798,12,2367,6,393,0.14075511803503238,0.7541547226620566,0.3268349148361995,0.27188084936124096,2.215115176867006,0.05003599712023038,139,0.05003599712023038,722,972.0,0.5615376980669857,0.5449807393779342,0.5526260305288837,629,0.3044039272103767,0.1925207756232687,0,127,0,12,0,0.7321374779240334,0.2635473207093642,0.5056354282371727,0.8741596158233526,0.6093541947609663,-0.8783783783783784,0.23387593756783265,False,True,True,False,True,True,False,False,0.7064824735230257,0.7593610971522965,0.3346097344662093,0.02663786897048236,0.7329592237115047,0.01,0.01,0.02,0.4,0.0,No penalized lambda satisfied all validation constraints; the unpenalized baseline was retained.,baseline_common_threshold,0.14075511803503238
logistic,Logistic Regression,1.0,validation,baseline_common_threshold,lambda_0_validation,2778,0.1447084233261339,0.49541571457015804,0.14249547920433997,0.9874686716791979,0.003362757461118117,0.24905183312262957,0.441201081903957,0.1334547907940622,8,2371,5,394,0.14075511803503238,0.7544676108092847,0.32727583351882533,-0.2170615136208139,1.9923192650576025,0.049316054715622754,137,0.049316054715622754,722,972.0,0.5242724410746249,0.5110412154907339,0.5183407312651197,629,0.27244127154168274,0.18975069252077562,0,127,0,10,0,0.7067486248695517,0.2880610643875995,0.4460675435313199,0.8711344124559294,0.5624842205609015,-0.8513513513513516,0.2847181342232752,False,True,True,False,True,True,False,False,0.7064824735230257,0.7593610971522965,0.3346097344662093,0.02663786897048236,0.7329592237115047,0.01,0.01,0.02,0.4,0.0,No penalized lambda satisfied all validation constraints; the unpenalized baseline was retained.,baseline_common_threshold,0.14075511803503238
logistic,Logistic Regression,1.5,validation,baseline_common_threshold,lambda_0_validation,2778,0.1443484521238301,0.49520554222883817,0.14244396240057844,0.9874686716791979,0.0029424127784783522,0.24897314375987362,0.4734070537799638,0.14701230039810523,7,2372,5,394,0.14075511803503238,0.7552535184114131,0.32835916019586964,-0.7897340434972163,1.7340998508537122,0.049316054715622754,137,0.049316054715622754,722,972.0,0.46737457664168136,0.4592502129989838,0.46559993328392024,629,0.2300364866117067,0.18975069252077562,0,127,0,10,0,0.6681861431390167,0.32317870447611535,0.36055314284126083,0.8666665186948552,0.4908377388417921,-0.8513513513513516,0.3623457328567003,False,True,True,False,True,True,False,False,0.7064824735230257,0.7593610971522965,0.3346097344662093,0.02663786897048236,0.7329592237115047,0.01,0.01,0.02,0.4,0.0,No penalized lambda satisfied all validation constraints; the unpenalized baseline was retained.,baseline_common_threshold,0.14075511803503238
logistic,Logistic Regression,2.0,validation,baseline_common_threshold,lambda_0_validation,2778,0.14398848092152627,0.49499536988751824,0.14239248283339356,0.9874686716791979,0.0025220680958385876,0.2488945041061276,0.5032870451808671,0.16018852862728314,6,2373,5,394,0.14075511803503238,0.7561963968348784,0.32961094355243403,-1.1258216165039523,1.5859475187540124,0.04895608351331893,136,0.04895608351331893,722,972.0,0.42588771539507086,0.42150520829750554,0.42679489375733004,629,0.20293715389907802,0.1883656509695291,0,127,0,9,0,0.6398157088891492,0.34674581428635337,0.30289738240029723,0.8632271033968686,0.4385443958928395,-0.8378378378378379,0.41894760087949756,False,True,True,False,True,True,False,False,0.7064824735230257,0.7593610971522965,0.3346097344662093,0.02663786897048236,0.7329592237115047,0.01,0.01,0.02,0.4,0.0,No penalized lambda satisfied all validation constraints; the unpenalized baseline was retained.,baseline_common_threshold,0.14075511803503238
neural,Neural Network (MLP),0.0,validation,baseline_common_threshold,lambda_0_validation,2778,0.7037437005039597,0.7331617189253082,0.2965451055662188,0.7744360902255639,0.6918873476250526,0.4288688410825815,0.3401498941990284,0.103368972780349,1646,733,90,309,0.118138941625754,0.7923144346785417,0.3945487977180163,-0.045591014361302,0.9704074759332652,0.0255579553635709,71,0.0255579553635709,722,972.0,0.5839432546126672,0.5586426618482336,0.5604647191040159,629,0.376263957132521,0.0983379501385041,9,20,5,6,31,0.9163113160228188,0.0733181288943458,0.6624883955833738,0.7666202170153459,0.6570113665163517,0.0,0.0,True,True,True,False,True,False,False,True,0.7331617189253082,0.7923144346785417,0.3945487977180163,0.0255579553635709,0.5839432546126672,0.01,0.01,0.02,0.4,0.0,No penalized lambda satisfied all validation constraints; the unpenalized baseline was retained.,baseline_common_threshold,0.118138941625754
neural,Neural Network (MLP),0.1,validation,baseline_common_threshold,lambda_0_validation,2778,0.6832253419726422,0.7295255793961575,0.284304932735426,0.7944862155388471,0.6645649432534678,0.4187582562747688,0.3428377352046815,0.1045614448205354,1581,798,82,317,0.118138941625754,0.7911893015430547,0.396757384226335,-0.2886429769957086,0.905523174434122,0.0190784737221022,53,0.0190784737221022,722,972.0,0.5246354226803533,0.503650098891167,0.5046444638307414,629,0.303819379326218,0.0734072022160664,8,33,0,5,7,0.8804046128961173,0.0994309509602876,0.5709543248092886,0.7147595135702027,0.5852410377835233,0.2535211267605634,0.1015643754146163,True,True,True,False,True,True,False,False,0.7331617189253082,0.7923144346785417,0.3945487977180163,0.0255579553635709,0.5839432546126672,0.01,0.01,0.02,0.4,0.0,No penalized lambda satisfied all validation constraints; the unpenalized baseline was retained.,baseline_common_threshold,0.118138941625754
neural,Neural Network (MLP),0.25,validation,baseline_common_threshold,lambda_0_validation,2778,0.6763858891288697,0.7255323049110798,0.2795414462081129,0.7944862155388471,0.6565783942833123,0.4135681669928245,0.3525711678384912,0.1089630580697118,1562,817,82,317,0.118138941625754,0.7880172267575203,0.3905697587576662,-0.5382167395050576,0.8133969325821074,0.0223182145428365,62,0.0223182145428365,722,972.0,0.4591118918727976,0.4427536609982478,0.4421207087085827,629,0.2411548893791844,0.0858725761772853,8,49,0,4,1,0.8430321914228526,0.1271524611048591,0.4714483832470094,0.638142971860038,0.5063544626384974,0.1267605633802816,0.2137731050984926,True,True,True,False,True,True,False,False,0.7331617189253082,0.7923144346785417,0.3945487977180163,0.0255579553635709,0.5839432546126672,0.01,0.01,0.02,0.4,0.0,No penalized lambda satisfied all validation constraints; the unpenalized baseline was retained.,baseline_common_threshold,0.118138941625754
neural,Neural Network (MLP),0.5,validation,baseline_common_threshold,lambda_0_validation,2778,0.6742260619150467,0.7211423893908795,0.2768959435626102,0.7869674185463659,0.655317360235393,0.4096542726679713,0.3731817296418573,0.1181859870311904,1559,820,85,314,0.118138941625754,0.7826928607774164,0.382551614938805,-0.8008465010762323,0.687579250069572,0.019438444924406,54,0.019438444924406,722,972.0,0.3726629597372509,0.362322411425962,0.3581551040864641,629,0.1780471011411826,0.074792243767313,3,51,0,0,0,0.7435489308201906,0.1575108278590517,0.3604105060750787,0.5260673438509306,0.4025264632602533,0.2394366197183098,0.3618164833765562,False,True,True,False,True,True,False,False,0.7331617189253082,0.7923144346785417,0.3945487977180163,0.0255579553635709,0.5839432546126672,0.01,0.01,0.02,0.4,0.0,No penalized lambda satisfied all validation constraints; the unpenalized baseline was retained.,baseline_common_threshold,0.118138941625754
neural,Neural Network (MLP),0.75,validation,baseline_common_threshold,lambda_0_validation,2778,0.6681065514758819,0.7196553805699621,0.2735930735930736,0.7919799498746867,0.6473308112652375,0.4066924066924067,0.3904179402475165,0.125799838881117,1540,839,83,316,0.118138941625754,0.7787675367485548,0.368431672485494,-0.9281195474928544,0.6268433799772543,0.0169186465082793,47,0.0169186465082793,722,972.0,0.3216121971878045,0.3150159851617815,0.3071632397003137,629,0.1464882701786526,0.0650969529085872,1,46,0,0,0,0.6899340205797643,0.1666503219363781,0.3146859246371972,0.4724950282110108,0.340662057518959,0.3380281690140845,0.4492406673981846,False,False,False,False,True,True,False,False,0.7331617189253082,0.7923144346785417,0.3945487977180163,0.0255579553635709,0.5839432546126672,0.01,0.01,0.02,0.4,0.0,No penalized lambda satisfied all validation constraints; the unpenalized baseline was retained.,baseline_common_threshold,0.118138941625754
neural,Neural Network (MLP),1.0,validation,baseline_common_threshold,lambda_0_validation,2778,0.6677465802735781,0.7173592872471215,0.2725694444444444,0.7869674185463659,0.6477511559478772,0.4049000644745326,0.4105137059995221,0.1339081717734825,1541,838,85,314,0.118138941625754,0.7778667981428982,0.3670926965467606,-1.0474683901162989,0.5735444542049791,0.0161987041036717,45,0.0161987041036717,722,972.0,0.2733531407504093,0.2699601014363145,0.2593923134883252,629,0.1202734668371233,0.0623268698060941,1,44,0,0,0,0.5914914806683857,0.178465008470588,0.2631091016410576,0.4175343996948666,0.2831522382895151,0.3661971830985914,0.5318840682015823,False,False,False,False,True,True,False,False,0.7331617189253082,0.7923144346785417,0.3945487977180163,0.0255579553635709,0.5839432546126672,0.01,0.01,0.02,0.4,0.0,No penalized lambda satisfied all validation constraints; the unpenalized baseline was retained.,baseline_common_threshold,0.118138941625754
neural,Neural Network (MLP),1.5,validation,baseline_common_threshold,lambda_0_validation,2778,0.6648668106551476,0.7156779085165625,0.2706896551724138,0.7869674185463659,0.6443883984867591,0.4028223220012829,0.4398621044428016,0.1446784813119567,1533,846,85,314,0.118138941625754,0.7752088291346273,0.3602058670096831,-1.1609460383338654,0.5107386244887699,0.015478761699064,43,0.015478761699064,722,972.0,0.220490111079449,0.2203738847349719,0.2065857282832523,629,0.0939111563327419,0.0595567867036011,0,43,0,0,0,0.5206535395347712,0.1856674752783221,0.2091999595815485,0.335060022936927,0.2208257727622986,0.3943661971830985,0.6224117509059998,False,False,False,False,True,True,False,False,0.7331617189253082,0.7923144346785417,0.3945487977180163,0.0255579553635709,0.5839432546126672,0.01,0.01,0.02,0.4,0.0,No penalized lambda satisfied all validation constraints; the unpenalized baseline was retained.,baseline_common_threshold,0.118138941625754
neural,Neural Network (MLP),2.0,validation,baseline_common_threshold,lambda_0_validation,2778,0.656227501799856,0.7137626537971663,0.2663865546218487,0.7944862155388471,0.6330390920554855,0.3989930774071743,0.462579407526327,0.1518083957503826,1506,873,82,317,0.118138941625754,0.7750350023861672,0.362048969951773,-1.2424899978213433,0.4830032988668907,0.0158387329013678,44,0.0158387329013678,722,972.0,0.1890791739057366,0.1905481368681675,0.1751503397182879,629,0.0794765347686073,0.0609418282548476,0,44,0,0,0,0.4575106275804115,0.1835504605793036,0.1745307713445991,0.3162761797507604,0.184836808870236,0.380281690140845,0.676202828935572,False,False,False,False,True,True,False,False,0.7331617189253082,0.7923144346785417,0.3945487977180163,0.0255579553635709,0.5839432546126672,0.01,0.01,0.02,0.4,0.0,No penalized lambda satisfied all validation constraints; the unpenalized baseline was retained.,baseline_common_threshold,0.118138941625754
